,school,Gender,age,famsize,Pstatus,Unnamed: 5,StudyTime,failures,Unnamed: 8,famrel,freetime,goout,Dalc,Walc,health,absences,G1,G2,G3,Math,Science,English,Marks,Total
0,GP,F,18,GT3,A,,2,0,,4,3,4,1,1,3,6,5,6,6,78,60,49,187,187
1,GP,F,17,GT3,T,,2,0,,5,3,3,1,1,3,4,5,5,6,91,87,97,275,275
2,GP,F,15,LE3,T,,2,3,,4,3,2,2,3,3,10,7,8,10,68,59,83,210,210
3,GP,F,15,GT3,T,,3,0,,3,2,2,1,1,5,2,15,14,15,54,95,56,205,205
4,GP,F,16,GT3,T,,2,0,,4,3,2,1,2,5,4,6,10,10,82,47,77,206,206
7,GP,F,17,GT3,A,,2,0,,4,1,4,1,1,1,6,6,5,6,78,56,52,186,186
10,GP,F,15,GT3,T,,2,0,,3,3,3,1,2,2,0,10,8,9,62,51,48,161,161
11,GP,F,15,GT3,T,,3,0,,5,2,2,1,1,4,4,10,12,12,50,98,89,237,237
15,GP,F,16,GT3,T,,1,0,,4,4,4,1,2,2,4,14,14,14,75,61,44,180,180
16,GP,F,16,GT3,T,,3,0,,3,2,3,1,2,2,6,13,14,14,79,85,68,232,232
17,GP,F,16,GT3,T,,2,0,,5,3,2,1,1,4,4,8,10,10,63,69,76,208,208
24,GP,F,15,GT3,T,,3,0,,4,3,2,1,1,5,2,10,9,8,69,66,61,196,196
25,GP,F,16,GT3,T,,1,2,,1,2,2,1,3,5,14,6,9,8,77,66,91,234,234
35,GP,F,15,GT3,T,,1,0,,3,5,1,1,1,5,0,8,7,6,88,87,58,233,233
38,GP,F,15,GT3,T,,3,0,,4,3,2,1,1,5,2,12,12,11,81,74,78,233,233
39,GP,F,15,GT3,T,,1,0,,4,3,1,1,1,2,8,14,13,13,67,88,9,164,164
40,GP,F,16,LE3,T,,2,1,,3,3,3,1,2,3,25,7,10,11,99,56,49,204,204
44,GP,F,16,LE3,T,,2,1,,4,3,3,2,2,5,14,10,10,9,90,68,42,200,200
45,GP,F,15,LE3,A,,2,0,,5,2,2,1,1,5,8,8,8,6,83,85,84,252,252
46,GP,F,16,LE3,A,,2,0,,2,3,5,1,4,3,12,11,12,11,94,92,52,238,238
49,GP,F,15,GT3,T,,2,1,,4,4,4,1,1,3,2,7,7,7,42,99,97,238,238
50,GP,F,16,LE3,T,,2,0,,4,3,3,2,3,4,2,12,13,13,76,80,59,215,215
51,GP,F,15,LE3,T,,2,0,,4,3,3,1,1,5,2,11,13,13,90,76,67,233,233
53,GP,F,15,GT3,T,,1,0,,3,3,4,2,3,5,0,8,10,11,60,68,80,208,208
54,GP,F,15,LE3,A,,1,0,,5,3,4,4,4,1,6,10,13,13,48,88,78,214,214
55,GP,F,16,GT3,A,,2,0,,5,3,4,1,1,2,8,8,9,10,78,85,40,203,203
56,GP,F,15,GT3,A,,2,0,,4,3,2,1,1,1,0,14,15,15,57,92,42,191,191
59,GP,F,16,GT3,T,,2,0,,4,2,3,1,1,5,2,15,16,16,99,99,96,294,294
60,GP,F,16,GT3,T,,2,0,,2,4,4,2,3,4,6,10,11,11,53,72,99,224,224
61,GP,F,16,GT3,T,,1,0,,5,5,5,5,5,5,6,10,8,11,89,91,88,268,268
62,GP,F,16,LE3,T,,2,0,,4,4,3,1,1,1,4,8,10,9,97,60,64,221,221
63,GP,F,16,GT3,T,,3,0,,3,4,4,2,4,4,2,10,9,9,48,71,95,214,214
64,GP,F,15,LE3,T,,2,0,,4,4,4,2,4,2,0,10,10,10,65,62,72,199,199
65,GP,F,16,LE3,T,,2,0,,5,4,3,1,2,1,2,16,15,15,92,72,77,241,241
67,GP,F,16,GT3,T,,4,0,,4,3,3,1,2,5,4,7,7,6,59,57,45,161,161
68,GP,F,15,LE3,T,,2,0,,4,1,3,1,3,4,2,8,9,8,67,64,97,228,228
69,GP,F,15,LE3,T,,4,0,,4,4,2,2,3,3,12,16,16,16,86,81,83,250,250
72,GP,F,15,GT3,T,,2,2,,3,3,4,2,4,5,2,8,6,5,83,97,84,264,264
74,GP,F,16,GT3,T,,2,0,,4,3,3,2,4,5,54,11,12,11,86,79,60,225,225
77,GP,F,16,GT3,T,,4,0,,5,2,3,1,3,3,0,11,11,11,56,89,60,205,205
79,GP,F,16,GT3,T,,2,0,,2,4,3,1,2,3,12,5,5,5,89,86,99,274,274
82,GP,F,15,LE3,T,,2,0,,4,4,4,1,1,5,10,7,6,6,41,41,74,156,156
84,GP,F,15,GT3,T,,2,0,,4,3,2,2,3,4,2,9,10,10,93,81,59,233,233
85,GP,F,15,GT3,T,,2,2,,4,4,4,2,3,5,6,7,9,8,81,41,96,218,218
86,GP,F,16,LE3,T,,2,0,,4,3,4,1,2,2,4,8,7,6,43,65,57,165,165
87,GP,F,15,GT3,T,,3,0,,5,3,3,1,3,1,4,13,14,14,93,56,86,235,235
90,GP,F,16,GT3,T,,3,0,,4,3,3,1,3,4,0,7,7,8,65,48,53,166,166
91,GP,F,15,GT3,T,,1,0,,4,5,5,1,3,1,4,16,17,18,83,82,54,219,219
92,GP,F,16,LE3,T,,2,0,,3,3,3,2,3,2,4,7,6,6,73,93,70,236,236
93,GP,F,16,GT3,T,,2,0,,5,3,3,1,1,1,0,11,10,10,49,87,40,176,176
95,GP,F,15,GT3,T,,4,1,,3,1,2,1,1,1,2,7,10,10,53,68,93,214,214
97,GP,F,16,GT3,T,,2,0,,4,3,5,1,1,5,2,8,9,10,87,94,42,223,223
98,GP,F,16,GT3,T,,1,0,,5,3,4,1,2,1,6,11,14,14,54,65,55,174,174
99,GP,F,16,GT3,T,,3,0,,5,3,5,1,1,3,0,7,9,8,47,74,62,183,183
103,GP,F,15,GT3,T,,2,0,,4,3,5,1,1,2,26,7,6,6,96,52,49,197,197
105,GP,F,15,GT3,A,,4,0,,4,3,3,1,1,4,10,10,11,11,60,97,55,212,212
106,GP,F,15,GT3,T,,4,0,,5,1,2,1,1,3,8,7,8,8,55,46,47,148,148
109,GP,F,16,LE3,T,,3,0,,5,4,5,1,1,4,4,14,15,16,86,84,63,233,233
111,GP,F,16,GT3,T,,3,1,,4,1,2,1,1,2,0,7,10,10,63,40,92,195,195
112,GP,F,16,GT3,T,,2,1,,3,1,2,1,1,5,6,10,13,13,65,47,47,159,159
120,GP,F,15,GT3,T,,2,0,,3,2,3,1,2,1,2,16,15,15,54,67,89,210,210
122,GP,F,16,LE3,T,,2,0,,4,2,2,1,2,5,2,13,13,13,40,41,67,148,148
124,GP,F,16,GT3,T,,2,0,,5,4,4,1,1,5,0,8,7,8,46,62,80,188,188
126,GP,F,15,LE3,A,,2,0,,5,3,2,1,1,1,0,7,10,11,63,90,66,219,219
127,GP,F,19,GT3,T,,2,3,,3,4,2,1,1,5,2,7,8,9,40,64,93,197,197
130,GP,F,15,GT3,T,,3,2,,4,2,2,2,2,5,0,12,0,0,63,97,72,232,232
131,GP,F,15,GT3,T,,1,0,,4,3,3,1,2,4,0,8,0,0,50,97,92,239,239
132,GP,F,17,LE3,T,,1,0,,3,4,4,1,3,5,12,10,13,12,90,61,59,210,210
133,GP,F,16,GT3,A,,1,0,,3,2,1,1,4,5,16,12,11,11,56,88,52,196,196
135,GP,F,15,GT3,T,,3,0,,4,3,3,1,1,5,0,11,0,0,74,81,87,242,242
137,GP,F,16,GT3,A,,1,2,,4,3,2,1,1,5,0,4,0,0,72,54,52,178,178
139,GP,F,15,GT3,T,,1,0,,4,3,2,1,1,5,0,16,16,15,44,82,74,200,200
142,GP,F,15,GT3,T,,3,0,,4,2,2,1,1,5,2,9,11,11,97,72,90,259,259
143,GP,F,16,LE3,T,,1,0,,3,4,4,3,3,1,2,14,14,13,80,47,44,171,171
145,GP,F,15,GT3,T,,2,0,,4,4,2,1,2,5,0,8,11,11,46,99,64,209,209
146,GP,F,15,GT3,T,,2,3,,3,3,2,1,1,3,0,6,7,0,48,83,41,172,172
147,GP,F,15,GT3,T,,2,0,,4,3,2,1,1,5,2,10,11,11,47,83,49,179,179
152,GP,F,15,GT3,T,,3,2,,4,2,1,2,3,3,8,10,10,10,94,84,84,262,262
154,GP,F,17,GT3,T,,1,0,,4,2,1,1,1,4,0,11,11,12,63,91,94,248,248
157,GP,F,18,GT3,T,,1,3,,5,2,5,1,5,4,6,9,8,10,83,74,93,250,250
167,GP,F,16,GT3,T,,2,0,,4,2,3,1,1,3,0,14,15,16,42,58,61,161,161
168,GP,F,16,GT3,T,,2,0,,5,1,5,1,1,4,0,6,7,0,40,56,98,194,194
169,GP,F,16,GT3,T,,2,0,,4,4,2,1,1,3,0,14,14,14,44,95,66,205,205
173,GP,F,16,GT3,T,,2,3,,4,3,5,1,1,3,0,8,7,0,78,94,73,245,245
174,GP,F,16,LE3,T,,2,0,,4,4,5,1,1,4,4,10,11,9,66,65,80,211,211
176,GP,F,16,GT3,T,,2,0,,3,4,4,1,4,5,2,13,13,11,54,65,40,159,159
182,GP,F,17,GT3,T,,2,0,,5,4,2,2,3,5,0,16,17,17,90,40,56,186,186
183,GP,F,17,LE3,T,,2,0,,5,3,3,2,3,1,56,9,9,8,71,97,44,212,212
184,GP,F,16,GT3,T,,2,0,,1,2,2,1,2,1,14,12,13,12,78,97,70,245,245
188,GP,F,17,GT3,A,,2,0,,3,3,3,1,3,3,6,8,7,9,43,71,92,206,206
190,GP,F,16,GT3,T,,2,0,,4,3,3,1,1,2,10,11,12,13,76,87,76,239,239
191,GP,F,17,GT3,T,,2,0,,5,3,3,1,1,3,0,8,8,9,62,64,92,218,218
195,GP,F,17,LE3,T,,2,0,,4,3,2,1,1,5,0,14,15,15,82,40,58,180,180
198,GP,F,17,GT3,T,,1,1,,4,2,4,2,3,2,24,18,18,18,52,44,53,149,149
199,GP,F,16,LE3,T,,2,0,,4,5,2,1,2,3,0,9,9,10,71,61,48,180,180
200,GP,F,16,GT3,T,,2,0,,4,3,5,1,5,2,2,16,16,16,46,68,85,199,199
201,GP,F,16,GT3,T,,2,0,,4,4,3,1,3,4,6,8,10,10,98,94,40,232,232
202,GP,F,17,GT3,T,,2,0,,4,4,4,1,3,1,4,9,9,10,90,42,90,222,222
203,GP,F,17,GT3,T,,1,0,,5,3,2,1,2,3,18,7,6,6,61,51,84,196,196
204,GP,F,16,GT3,T,,4,0,,5,3,5,1,1,5,6,10,10,11,67,65,52,184,184
205,GP,F,17,GT3,T,,3,1,,4,4,3,3,4,5,28,10,9,9,41,55,43,139,139
206,GP,F,16,GT3,A,,2,3,,2,3,3,2,2,4,5,7,7,7,81,90,40,211,211
207,GP,F,16,GT3,T,,2,0,,1,3,2,1,1,1,10,11,12,13,84,76,88,248,248
208,GP,F,16,GT3,T,,1,0,,4,3,2,1,4,5,6,9,9,10,96,61,79,236,236
209,GP,F,17,GT3,T,,3,0,,4,4,2,1,1,4,6,7,7,7,92,96,71,259,259
210,GP,F,19,GT3,T,,4,0,,4,3,3,1,2,3,10,8,8,8,45,68,73,186,186
212,GP,F,16,GT3,A,,2,0,,3,3,4,1,1,4,0,12,13,14,67,67,70,204,204
214,GP,F,17,LE3,T,,1,0,,5,2,1,1,2,3,12,8,10,10,83,86,78,247,247
215,GP,F,17,LE3,T,,2,0,,4,4,4,1,3,1,2,14,15,15,59,88,65,212,212
216,GP,F,17,GT3,T,,2,2,,3,4,5,2,4,1,22,6,6,4,69,69,97,235,235
218,GP,F,17,GT3,T,,1,0,,3,3,3,1,4,3,3,7,7,8,97,91,93,281,281
219,GP,F,17,GT3,T,,3,0,,4,3,3,1,1,4,4,9,10,10,94,44,93,231,231
220,GP,F,17,GT3,T,,2,0,,4,2,5,1,2,5,2,6,6,6,67,51,42,160,160
221,GP,F,17,GT3,T,,3,1,,4,3,4,1,1,5,0,6,5,0,64,55,98,217,217
222,GP,F,16,GT3,T,,2,0,,2,3,1,1,1,3,2,16,16,17,78,65,89,232,232
224,GP,F,16,GT3,T,,1,0,,5,3,2,1,1,5,0,13,13,14,40,87,40,167,167
225,GP,F,18,GT3,T,,2,1,,5,3,3,1,1,4,16,9,8,7,96,60,93,249,249
226,GP,F,17,GT3,T,,2,0,,5,3,4,1,3,3,10,16,15,15,66,78,83,227,227
229,GP,F,17,GT3,A,,3,0,,3,2,3,1,2,3,10,12,10,12,52,69,69,190,190
230,GP,F,17,LE3,T,,2,0,,3,2,3,1,2,3,14,13,13,14,80,76,98,254,254
237,GP,F,16,GT3,T,,1,0,,4,5,2,1,1,5,20,13,12,12,76,73,76,225,225
238,GP,F,17,GT3,T,,2,0,,2,1,1,1,1,3,2,13,11,11,72,91,60,223,223
244,GP,F,18,GT3,T,,3,0,,4,4,4,1,1,3,0,7,0,0,98,71,77,246,246
256,GP,F,17,LE3,T,,4,0,,4,2,3,1,1,4,6,14,12,13,78,67,91,236,236
259,GP,F,17,LE3,T,,4,0,,3,4,1,1,1,2,0,10,9,0,88,59,72,219,219
260,GP,F,18,GT3,T,,2,0,,3,1,2,1,3,2,21,17,18,18,76,63,63,202,202
263,GP,F,17,GT3,T,,3,0,,3,2,3,1,1,4,4,10,9,9,56,74,69,199,199
264,GP,F,18,GT3,T,,3,0,,4,3,3,1,1,3,0,9,10,0,98,99,94,291,291
267,GP,F,18,GT3,T,,2,0,,4,3,4,2,2,4,8,12,10,11,41,90,56,187,187
269,GP,F,18,GT3,T,,2,0,,4,3,5,1,2,3,0,6,0,0,93,76,68,237,237
270,GP,F,19,GT3,T,,2,2,,4,3,5,3,3,5,15,9,9,9,62,51,43,156,156
271,GP,F,18,GT3,T,,4,0,,4,5,5,1,3,2,4,15,14,14,76,42,49,167,167
272,GP,F,18,LE3,T,,2,0,,4,4,3,1,1,3,2,11,11,11,71,40,95,206,206
274,GP,F,17,GT3,T,,2,0,,4,3,3,1,1,1,2,10,10,10,40,79,49,168,168
275,GP,F,17,LE3,T,,2,0,,4,4,4,2,3,5,6,12,12,12,58,49,56,163,163
276,GP,F,18,GT3,A,,2,0,,4,1,1,1,1,5,75,10,9,9,41,82,99,222,222
278,GP,F,18,GT3,T,,2,1,,2,4,4,1,1,4,15,9,8,8,83,68,63,214,214
282,GP,F,18,LE3,T,,4,0,,5,2,2,1,1,3,1,12,12,12,71,85,92,248,248
283,GP,F,18,GT3,T,,2,0,,5,4,4,1,1,4,4,8,9,10,94,41,41,176,176
284,GP,F,17,GT3,T,,2,0,,5,4,5,1,2,5,4,10,9,11,43,90,52,185,185
286,GP,F,18,GT3,T,,3,0,,4,3,3,1,2,2,5,18,18,19,50,74,82,206,206
287,GP,F,17,GT3,T,,3,0,,4,3,3,1,1,3,6,13,12,12,95,62,87,244,244
291,GP,F,17,GT3,T,,3,0,,4,2,2,1,2,3,0,15,15,15,63,68,96,227,227
292,GP,F,18,LE3,T,,2,1,,5,4,3,1,1,5,12,12,12,13,44,65,62,171,171
293,GP,F,17,LE3,T,,4,0,,3,1,2,1,1,3,6,18,18,18,91,49,94,234,234
296,GP,F,19,GT3,T,,2,0,,2,3,4,2,3,2,0,10,9,0,61,90,50,201,201
297,GP,F,18,LE3,T,,2,0,,4,4,5,1,2,2,10,10,8,8,50,80,93,223,223
298,GP,F,18,GT3,T,,4,0,,4,3,3,1,1,3,0,14,13,14,87,46,55,188,188
300,GP,F,18,LE3,A,,2,0,,4,2,4,1,1,4,14,12,10,11,72,97,43,212,212
302,GP,F,17,GT3,T,,3,0,,4,3,3,1,1,3,0,15,12,14,99,89,43,231,231
303,GP,F,17,GT3,T,,4,0,,5,2,2,1,2,5,0,17,17,18,98,84,95,277,277
305,GP,F,18,GT3,T,,2,1,,4,4,3,1,1,3,8,14,12,12,55,68,42,165,165
309,GP,F,19,LE3,T,,2,1,,4,4,3,1,3,3,18,12,10,10,99,60,68,227,227
310,GP,F,19,LE3,T,,2,1,,4,2,4,2,2,3,0,9,9,0,98,96,71,265,265
311,GP,F,19,GT3,T,,2,0,,3,4,1,1,1,2,20,14,12,13,75,75,89,239,239
313,GP,F,19,LE3,T,,2,1,,4,2,2,1,2,1,22,13,10,11,65,76,90,231,231
314,GP,F,19,GT3,T,,3,2,,4,1,2,1,1,3,14,15,13,13,42,48,58,148,148
315,GP,F,19,GT3,T,,3,1,,4,1,2,1,1,3,40,13,11,11,58,63,60,181,181
316,GP,F,18,GT3,T,,2,0,,5,3,3,1,2,1,0,8,8,0,59,74,44,177,177
317,GP,F,18,GT3,T,,3,0,,4,3,4,1,1,5,9,9,10,9,71,88,57,216,216
318,GP,F,17,GT3,T,,3,0,,4,3,4,2,5,5,0,11,11,10,46,74,67,187,187
319,GP,F,18,GT3,T,,2,0,,4,4,4,3,3,5,2,11,11,11,91,87,81,259,259
320,GP,F,17,GT3,A,,2,0,,5,2,2,1,2,5,23,13,13,13,80,75,61,216,216
321,GP,F,17,GT3,T,,2,0,,4,2,2,1,1,3,12,11,9,9,72,57,60,189,189
322,GP,F,17,LE3,T,,3,0,,3,3,2,2,2,3,3,11,11,11,79,88,45,212,212
323,GP,F,17,GT3,T,,3,0,,3,4,3,2,3,5,1,12,14,15,78,78,40,196,196
324,GP,F,17,LE3,T,,3,0,,3,3,3,2,3,2,0,16,15,15,57,71,44,172,172
328,GP,F,17,GT3,T,,3,0,,5,4,4,1,3,4,7,10,9,9,67,76,85,228,228
329,GP,F,17,GT3,T,,3,0,,4,3,3,1,2,4,4,14,14,14,96,51,73,220,220
331,GP,F,17,GT3,T,,3,0,,4,4,3,1,1,5,7,12,14,14,89,94,53,236,236
332,GP,F,18,GT3,T,,2,0,,5,3,4,1,1,4,0,7,0,0,62,52,65,179,179
333,GP,F,18,LE3,T,,2,0,,4,3,3,1,1,2,0,8,8,0,70,62,84,216,216
334,GP,F,18,GT3,T,,4,0,,4,4,4,1,1,4,0,10,9,0,69,64,66,199,199
335,GP,F,17,GT3,T,,3,0,,4,4,5,1,3,5,16,16,15,15,81,74,48,203,203
336,GP,F,19,GT3,A,,3,1,,5,4,3,1,2,5,12,14,13,13,74,80,65,219,219
337,GP,F,17,GT3,T,,2,0,,4,3,2,2,3,2,0,7,8,0,46,69,96,211,211
338,GP,F,18,LE3,T,,4,0,,5,3,3,1,1,1,7,16,15,17,99,56,86,241,241
339,GP,F,17,GT3,A,,2,0,,4,3,3,2,3,2,4,9,10,10,55,88,96,239,239
340,GP,F,19,GT3,T,,3,1,,4,3,4,1,3,3,4,11,12,11,65,59,61,185,185
343,GP,F,17,GT3,A,,2,1,,3,3,1,1,2,4,0,9,8,0,91,61,69,221,221
344,GP,F,18,GT3,T,,3,0,,4,3,3,1,2,3,4,11,10,10,99,52,82,233,233
345,GP,F,18,GT3,T,,3,0,,5,4,3,2,3,1,7,13,13,14,88,98,87,273,273
348,GP,F,17,GT3,T,,3,0,,4,4,3,1,3,4,0,13,15,15,87,75,75,237,237
355,MS,F,18,GT3,T,,2,0,,5,3,4,1,1,5,0,10,9,9,48,67,86,201,201
356,MS,F,17,GT3,T,,2,0,,4,3,3,1,2,5,4,12,13,13,80,53,95,228,228
357,MS,F,17,LE3,A,,2,0,,1,2,3,1,2,5,2,12,12,11,74,70,61,205,205
359,MS,F,18,LE3,T,,3,0,,5,3,2,1,1,4,0,18,16,16,87,58,65,210,210
360,MS,F,18,LE3,A,,2,0,,4,3,4,1,4,5,0,13,13,13,55,97,67,219,219
362,MS,F,18,GT3,T,,2,0,,4,3,2,1,3,3,0,11,11,10,59,55,53,167,167
363,MS,F,17,LE3,T,,2,0,,2,3,4,1,1,1,0,16,15,15,63,92,63,218,218
364,MS,F,17,GT3,T,,2,0,,3,2,2,1,2,3,0,12,11,12,93,44,41,178,178
367,MS,F,17,GT3,T,,1,1,,5,2,1,1,2,1,0,7,6,0,63,64,53,180,180
368,MS,F,18,GT3,T,,1,0,,5,2,3,1,2,4,0,11,10,10,91,91,98,280,280
369,MS,F,18,GT3,T,,2,0,,3,2,2,4,2,5,10,14,12,11,50,98,95,243,243
370,MS,F,19,LE3,T,,2,2,,3,2,2,1,1,3,4,7,7,9,88,60,90,238,238
372,MS,F,17,GT3,T,,3,0,,3,4,3,1,1,3,8,13,11,11,75,92,42,209,209
373,MS,F,17,GT3,T,,1,0,,3,5,5,1,3,1,14,6,5,5,77,62,86,225,225
374,MS,F,18,LE3,T,,3,0,,5,4,4,1,1,1,0,19,18,19,79,55,62,196,196
375,MS,F,18,GT3,T,,3,0,,4,3,2,1,2,4,2,8,8,10,59,96,85,240,240
376,MS,F,20,GT3,T,,3,2,,5,4,3,1,1,3,4,15,14,15,74,78,82,234,234
377,MS,F,18,LE3,T,,2,0,,5,4,3,3,4,2,4,8,9,10,87,84,86,257,257
378,MS,F,18,GT3,T,,2,0,,4,1,3,1,2,1,0,15,15,15,64,92,99,255,255
379,MS,F,17,GT3,T,,2,0,,4,5,4,2,3,1,17,10,10,10,74,81,84,239,239
385,MS,F,18,GT3,T,,3,0,,5,3,3,1,3,4,2,10,9,10,41,44,54,139,139
386,MS,F,18,GT3,T,,1,0,,4,4,3,2,2,5,7,6,5,6,93,74,64,231,231
387,MS,F,19,GT3,T,,3,1,,5,4,2,1,2,5,0,7,5,0,74,62,94,230,230
388,MS,F,18,LE3,T,,2,0,,4,3,4,1,1,1,0,7,9,8,55,68,76,199,199
389,MS,F,18,GT3,T,,2,1,,1,1,1,1,1,5,0,6,5,0,80,82,67,229,229
5,GP,M,16,LE3,T,,2,0,,5,4,2,1,2,5,10,15,15,15,47,46,46,139,139
6,GP,M,16,LE3,T,,2,0,,4,4,4,1,1,3,0,12,12,11,60,42,85,187,187
8,GP,M,15,LE3,A,,2,0,,4,2,2,1,1,1,0,16,18,19,97,72,79,248,248
9,GP,M,15,GT3,T,,2,0,,5,5,1,1,1,5,0,14,15,15,58,87,81,226,226
12,GP,M,15,LE3,T,,1,0,,4,3,3,1,3,5,2,14,14,14,50,90,66,206,206
13,GP,M,15,GT3,T,,2,0,,5,4,3,1,2,3,2,10,10,11,63,61,20,144,144
14,GP,M,15,GT3,A,,3,0,,4,5,2,1,1,3,0,14,16,16,92,94,41,227,227
18,GP,M,17,GT3,T,,1,3,,5,5,5,2,4,5,16,6,5,5,42,77,77,196,196
19,GP,M,16,LE3,T,,1,0,,3,1,3,1,3,5,4,8,10,10,61,77,58,196,196
20,GP,M,15,GT3,T,,2,0,,4,4,1,1,1,1,0,13,14,15,92,84,47,223,223
21,GP,M,15,GT3,T,,1,0,,5,4,2,1,1,5,0,12,15,15,41,90,87,218,218
22,GP,M,16,LE3,T,,2,0,,4,5,1,1,3,5,2,15,15,16,63,93,84,240,240
23,GP,M,16,LE3,T,,2,0,,5,4,4,2,4,5,0,13,13,12,83,47,40,170,170
26,GP,M,15,GT3,T,,1,0,,4,2,2,1,2,5,2,12,12,11,41,73,56,170,170
27,GP,M,15,GT3,T,,1,0,,2,2,4,2,4,1,4,15,16,15,99,60,46,205,205
28,GP,M,16,LE3,A,,2,0,,5,3,3,1,1,5,4,11,11,11,60,69,64,193,193
29,GP,M,16,GT3,T,,2,0,,4,4,5,5,5,5,16,10,12,11,72,72,84,228,228
30,GP,M,15,GT3,T,,2,0,,5,4,2,3,4,5,0,9,11,12,51,67,43,161,161
31,GP,M,15,GT3,T,,2,0,,4,3,1,1,1,5,0,17,16,17,97,86,75,258,258
32,GP,M,15,GT3,T,,2,0,,4,5,2,1,1,5,0,17,16,16,61,72,45,178,178
33,GP,M,15,LE3,T,,2,0,,5,3,2,1,1,2,0,8,10,12,83,44,99,226,226
34,GP,M,16,GT3,T,,1,0,,5,4,3,1,1,5,0,12,14,15,64,99,70,233,233
36,GP,M,15,LE3,T,,3,0,,5,4,3,1,1,4,2,15,16,18,66,58,2,126,126
37,GP,M,16,GT3,A,,3,0,,2,4,3,1,1,5,7,15,16,15,98,43,93,234,234
41,GP,M,15,LE3,T,,1,0,,5,4,3,2,4,5,8,12,12,12,55,83,65,203,203
42,GP,M,15,GT3,T,,2,0,,4,3,3,1,1,5,2,19,18,18,54,67,58,179,179
43,GP,M,15,GT3,T,,1,0,,5,4,1,1,1,1,0,8,8,11,86,69,78,233,233
47,GP,M,16,GT3,T,,4,0,,4,2,2,1,1,2,4,19,19,20,91,45,89,225,225
48,GP,M,15,GT3,T,,2,0,,4,3,3,2,2,5,2,15,15,14,96,74,67,237,237
52,GP,M,15,LE3,A,,1,1,,5,5,5,3,4,5,6,11,11,10,46,63,47,156,156
57,GP,M,15,GT3,T,,2,0,,3,2,2,1,1,5,4,14,15,15,43,70,52,165,165
58,GP,M,15,LE3,T,,2,0,,4,3,2,1,1,5,2,9,10,9,64,74,67,205,205
66,GP,M,15,GT3,A,,4,0,,1,3,3,5,5,3,4,13,13,12,41,42,92,175,175
70,GP,M,16,GT3,T,,4,0,,4,3,2,1,1,5,0,13,15,15,99,70,84,253,253
71,GP,M,15,GT3,T,,4,0,,3,3,3,1,1,3,0,10,10,10,46,93,71,210,210
73,GP,M,16,GT3,T,,1,0,,5,3,2,2,2,5,2,12,12,14,47,42,86,175,175
75,GP,M,15,GT3,T,,2,0,,4,3,3,2,3,5,6,9,9,10,74,85,55,214,214
76,GP,M,15,GT3,T,,4,0,,3,4,3,1,1,1,8,11,11,10,53,63,93,209,209
78,GP,M,17,GT3,T,,1,3,,4,5,1,1,1,3,2,8,8,10,75,71,50,196,196
80,GP,M,15,GT3,T,,1,0,,3,2,2,1,3,3,2,10,12,12,79,61,76,216,216
81,GP,M,15,GT3,T,,3,0,,5,3,2,1,2,5,4,11,10,11,43,62,75,180,180
83,GP,M,15,LE3,T,,2,0,,5,3,3,1,3,4,4,15,15,15,45,66,58,169,169
88,GP,M,16,GT3,T,,2,1,,4,4,2,1,1,3,12,11,10,10,68,79,80,227,227
89,GP,M,16,LE3,A,,2,0,,4,1,3,3,5,5,18,8,6,7,57,72,88,217,217
94,GP,M,15,LE3,T,,4,0,,4,3,4,1,1,4,6,11,13,14,75,78,92,245,245
96,GP,M,16,GT3,T,,1,0,,3,3,3,1,1,4,2,11,15,15,70,81,93,244,244
100,GP,M,16,GT3,T,,1,0,,4,5,5,5,5,4,14,7,7,5,53,89,96,238,238
101,GP,M,16,GT3,T,,3,0,,4,4,3,1,1,4,0,16,17,17,62,64,50,176,176
102,GP,M,15,GT3,T,,1,0,,5,3,3,1,1,5,4,10,13,14,99,63,51,213,213
104,GP,M,15,GT3,A,,2,0,,5,4,4,1,1,1,0,16,18,18,79,99,71,249,249
107,GP,M,16,GT3,T,,3,0,,5,3,3,1,1,5,2,16,18,18,84,96,77,257,257
108,GP,M,15,GT3,T,,4,0,,1,3,5,3,5,1,6,10,13,13,57,75,51,183,183
110,GP,M,15,LE3,A,,1,0,,5,5,3,1,1,4,6,18,19,19,92,59,67,218,218
113,GP,M,15,LE3,T,,1,0,,3,5,2,1,1,3,10,18,19,19,64,85,97,246,246
114,GP,M,15,GT3,T,,2,0,,5,4,2,1,1,5,8,9,9,9,99,55,67,221,221
115,GP,M,16,GT3,T,,2,0,,5,4,4,1,2,5,2,15,15,16,99,53,75,227,227
116,GP,M,15,GT3,T,,2,0,,4,4,3,1,1,2,2,11,13,14,99,51,65,215,215
117,GP,M,16,GT3,T,,1,0,,5,4,2,1,1,5,0,13,14,13,84,90,47,221,221
118,GP,M,17,GT3,T,,2,1,,5,2,4,1,4,5,20,9,7,8,80,62,97,239,239
119,GP,M,15,GT3,T,,1,0,,3,4,3,1,2,4,6,14,13,13,68,54,99,221,221
121,GP,M,15,GT3,T,,4,0,,5,5,4,1,2,5,6,16,14,15,84,73,67,224,224
123,GP,M,16,GT3,T,,1,0,,3,4,4,1,4,5,18,14,11,13,64,71,76,211,211
125,GP,M,15,GT3,T,,1,0,,5,5,5,3,2,5,0,13,13,12,48,61,75,184,184
128,GP,M,18,GT3,T,,1,2,,3,3,3,1,2,4,0,7,4,0,83,97,56,236,236
129,GP,M,16,GT3,T,,1,0,,3,5,5,2,5,4,8,18,18,18,47,61,48,156,156
134,GP,M,15,GT3,T,,2,0,,5,3,3,1,1,5,0,9,0,0,47,91,67,205,205
136,GP,M,17,GT3,T,,2,0,,5,4,5,2,4,5,0,10,0,0,74,45,68,187,187
138,GP,M,16,LE3,T,,2,1,,4,4,4,1,3,5,0,14,12,12,98,93,85,276,276
140,GP,M,15,GT3,T,,4,0,,2,2,2,1,1,3,0,7,9,0,81,99,45,225,225
141,GP,M,16,LE3,T,,1,2,,2,3,3,2,2,2,8,9,9,9,78,76,57,211,211
144,GP,M,17,GT3,T,,1,3,,5,4,5,1,2,5,0,5,0,0,67,92,86,245,245
148,GP,M,16,GT3,T,,1,0,,3,3,2,2,1,5,0,7,6,0,51,44,95,190,190
149,GP,M,15,LE3,A,,1,3,,4,5,5,2,5,5,0,8,9,10,73,78,69,220,220
150,GP,M,18,LE3,T,,1,3,,2,3,5,2,5,4,0,6,5,0,72,43,89,204,204
151,GP,M,16,LE3,T,,1,1,,4,4,4,3,5,5,6,12,13,14,87,45,98,230,230
153,GP,M,19,GT3,T,,1,3,,4,5,4,1,1,4,0,5,0,0,62,71,44,177,177
155,GP,M,15,GT3,T,,2,0,,4,4,4,1,1,1,2,11,8,8,76,69,95,240,240
156,GP,M,17,LE3,T,,1,0,,2,2,2,3,3,5,8,16,12,13,74,86,72,232,232
158,GP,M,16,GT3,T,,1,0,,4,2,2,1,2,3,2,17,15,15,79,94,40,213,213
159,GP,M,16,GT3,T,,2,1,,4,5,5,4,4,5,4,10,12,12,61,79,57,197,197
160,GP,M,17,LE3,T,,1,2,,3,3,2,2,2,5,0,7,6,0,66,91,71,228,228
161,GP,M,15,GT3,T,,2,2,,4,4,4,1,4,3,6,5,9,7,74,55,86,215,215
162,GP,M,16,LE3,T,,1,1,,4,4,4,2,4,5,0,7,0,0,40,52,88,180,180
163,GP,M,17,GT3,T,,1,0,,5,3,3,1,4,2,2,10,10,10,74,89,50,213,213
164,GP,M,17,LE3,T,,2,3,,5,3,5,1,5,5,0,5,8,7,76,99,60,235,235
165,GP,M,16,GT3,T,,1,1,,4,5,2,1,1,2,16,12,11,12,86,81,65,232,232
166,GP,M,16,GT3,T,,2,0,,4,3,5,2,4,4,4,10,10,10,53,69,64,186,186
170,GP,M,16,GT3,T,,1,2,,3,4,5,2,4,2,0,6,5,0,65,58,88,211,211
171,GP,M,16,GT3,T,,2,0,,4,3,2,1,1,3,2,13,15,16,94,67,52,213,213
172,GP,M,17,LE3,T,,2,0,,4,4,4,1,3,5,0,13,11,10,53,97,72,222,222
175,GP,M,17,LE3,T,,2,0,,4,4,4,4,4,4,4,10,9,9,48,76,74,198,198
177,GP,M,17,GT3,T,,2,0,,4,3,4,1,4,4,4,6,5,6,54,92,60,206,206
178,GP,M,16,GT3,T,,1,0,,4,3,3,3,4,3,10,10,8,9,65,62,87,214,214
179,GP,M,17,GT3,T,,2,0,,5,2,3,1,1,2,4,10,10,11,81,48,94,223,223
180,GP,M,16,GT3,T,,2,0,,3,4,3,2,3,3,10,9,8,8,99,51,45,195,195
181,GP,M,16,GT3,T,,2,0,,4,2,3,1,2,3,2,12,13,12,52,92,67,211,211
185,GP,M,17,GT3,T,,2,0,,4,3,4,2,3,4,12,12,12,11,88,40,44,172,172
186,GP,M,16,GT3,T,,1,0,,3,3,3,1,2,3,2,11,12,11,91,86,77,254,254
187,GP,M,16,LE3,T,,2,0,,4,2,3,1,2,5,0,15,15,15,71,73,42,186,186
189,GP,M,17,GT3,T,,2,0,,3,1,3,1,5,3,4,8,9,10,69,93,62,224,224
192,GP,M,17,GT3,T,,2,0,,4,4,4,4,5,5,12,7,8,8,78,79,76,233,233
193,GP,M,16,GT3,T,,1,0,,4,3,2,3,4,5,8,8,9,10,84,84,49,217,217
194,GP,M,16,GT3,T,,1,0,,5,3,3,1,1,3,0,13,14,14,54,92,49,195,195
196,GP,M,17,GT3,T,,1,0,,5,2,3,1,2,5,4,17,15,16,68,55,56,179,179
197,GP,M,16,LE3,T,,1,0,,3,3,4,3,5,3,8,9,9,10,75,78,60,213,213
211,GP,M,17,LE3,T,,2,0,,5,3,5,4,5,3,13,12,12,13,67,53,67,187,187
213,GP,M,18,GT3,T,,2,1,,4,4,4,2,4,5,15,6,7,8,83,44,47,174,174
217,GP,M,18,LE3,T,,2,1,,3,2,4,2,4,4,13,6,6,8,50,85,73,208,208
223,GP,M,18,GT3,T,,2,0,,3,3,3,5,5,4,0,12,13,13,72,65,51,188,188
227,GP,M,17,LE3,T,,2,0,,5,3,3,1,3,3,2,12,11,12,96,75,44,215,215
228,GP,M,18,LE3,T,,2,0,,4,3,2,4,5,3,14,10,8,9,91,72,69,232,232
231,GP,M,17,GT3,T,,2,0,,4,5,2,1,1,1,4,11,11,11,42,62,96,200,200
232,GP,M,17,GT3,T,,2,0,,4,5,5,1,3,2,14,11,9,9,78,97,56,231,231
233,GP,M,16,GT3,T,,2,0,,4,2,4,2,4,1,2,14,13,13,45,49,87,181,181
234,GP,M,16,LE3,T,,2,0,,3,4,2,1,1,5,18,9,7,6,47,93,86,226,226
235,GP,M,16,GT3,T,,3,0,,5,3,3,1,3,2,10,11,9,10,66,44,62,172,172
236,GP,M,17,LE3,T,,2,0,,4,4,2,5,5,4,4,14,13,13,48,75,54,177,177
239,GP,M,18,GT3,T,,2,1,,5,5,4,3,5,2,0,7,7,0,90,70,53,213,213
240,GP,M,17,LE3,T,,2,0,,2,5,5,1,4,5,14,12,12,12,81,49,41,171,171
241,GP,M,17,LE3,A,,2,0,,3,3,3,2,3,4,2,10,11,12,83,97,50,230,230
242,GP,M,16,LE3,T,,1,0,,5,4,5,1,1,3,0,6,0,0,63,58,90,211,211
243,GP,M,16,GT3,T,,1,0,,5,3,2,1,2,5,0,13,12,12,54,97,78,229,229
245,GP,M,16,GT3,T,,1,0,,4,3,3,1,1,4,6,18,18,18,93,40,99,232,232
246,GP,M,17,GT3,T,,1,0,,5,2,2,1,1,2,4,12,12,13,71,95,73,239,239
247,GP,M,22,GT3,T,,1,3,,5,4,5,5,5,1,16,6,8,8,71,44,77,192,192
248,GP,M,18,LE3,T,,2,1,,4,3,3,1,3,5,8,3,5,5,63,84,89,236,236
249,GP,M,16,GT3,T,,1,0,,4,3,2,2,4,5,0,13,15,15,80,43,73,196,196
250,GP,M,18,GT3,T,,1,1,,4,4,5,2,4,5,0,6,8,8,91,55,57,203,203
251,GP,M,16,GT3,T,,2,0,,5,3,3,1,3,2,6,7,10,10,88,63,69,220,220
252,GP,M,18,GT3,T,,1,1,,3,2,5,2,5,5,4,6,9,8,88,55,54,197,197
253,GP,M,16,GT3,T,,1,0,,3,3,2,1,3,3,0,8,9,8,97,94,66,257,257
254,GP,M,17,GT3,T,,1,0,,4,4,2,2,4,5,0,8,12,12,91,41,90,222,222
255,GP,M,17,LE3,T,,1,1,,4,4,4,1,2,5,2,7,9,8,51,88,73,212,212
257,GP,M,19,LE3,A,,2,0,,4,3,1,1,1,1,12,11,11,11,41,71,96,208,208
258,GP,M,18,GT3,T,,2,0,,5,2,4,1,2,4,8,15,14,14,42,66,77,185,185
261,GP,M,18,GT3,T,,2,0,,4,3,2,1,1,3,2,8,8,8,88,51,54,193,193
262,GP,M,18,GT3,T,,3,0,,5,3,2,1,1,3,1,13,12,12,95,89,99,283,283
265,GP,M,18,LE3,A,,2,0,,4,2,5,3,4,1,13,17,17,17,88,72,81,241,241
266,GP,M,17,GT3,T,,2,0,,5,4,4,3,4,5,2,9,9,10,41,72,90,203,203
268,GP,M,18,GT3,T,,2,0,,5,4,5,1,3,5,10,10,9,10,67,82,44,193,193
273,GP,M,17,GT3,T,,2,0,,3,5,2,2,2,1,2,15,14,14,72,72,56,200,200
277,GP,M,18,GT3,T,,1,0,,3,2,4,1,4,3,22,9,9,9,92,83,59,234,234
279,GP,M,18,LE3,T,,1,0,,4,2,3,1,2,1,8,10,11,10,65,52,44,161,161
280,GP,M,17,LE3,A,,1,0,,4,5,4,2,4,5,30,8,8,8,71,51,73,195,195
281,GP,M,17,LE3,A,,1,1,,4,4,4,3,4,3,19,11,9,10,45,70,45,160,160
285,GP,M,17,GT3,T,,2,0,,4,3,3,1,2,4,2,12,10,11,94,89,82,265,265
288,GP,M,18,GT3,T,,3,0,,4,2,4,1,3,2,6,15,14,14,98,56,50,204,204
289,GP,M,18,LE3,A,,2,0,,5,4,3,1,1,2,9,15,13,15,56,65,90,211,211
290,GP,M,18,GT3,T,,2,0,,4,3,2,1,4,5,11,12,11,11,77,47,86,210,210
294,GP,M,18,LE3,T,,3,0,,5,4,2,1,1,4,8,14,13,14,73,65,55,193,193
295,GP,M,17,GT3,T,,1,0,,4,4,3,1,3,5,4,14,12,11,45,73,70,188,188
299,GP,M,18,LE3,T,,1,0,,1,4,2,2,2,1,5,16,15,16,55,43,47,145,145
301,GP,M,17,LE3,T,,1,0,,4,1,1,2,2,5,0,11,11,10,48,92,79,219,219
304,GP,M,19,GT3,T,,2,1,,4,4,4,1,1,3,20,15,14,13,45,50,64,159,159
306,GP,M,20,GT3,A,,1,0,,5,5,3,1,1,5,0,17,18,18,68,95,71,234,234
307,GP,M,19,GT3,T,,1,1,,4,3,4,1,1,4,38,8,9,8,42,75,42,159,159
308,GP,M,19,GT3,T,,2,1,,4,5,3,1,2,5,0,15,12,12,59,64,66,189,189
312,GP,M,19,GT3,T,,2,1,,4,5,2,2,2,4,3,13,11,11,58,49,97,204,204
325,GP,M,18,GT3,T,,3,0,,4,3,3,2,2,3,3,9,12,11,79,63,80,222,222
326,GP,M,17,GT3,T,,1,0,,4,3,5,3,5,5,3,14,15,16,40,62,51,153,153
327,GP,M,17,GT3,T,,1,0,,4,4,5,5,5,4,8,11,10,10,50,71,65,186,186
330,GP,M,18,LE3,T,,4,0,,4,5,5,2,4,5,2,9,8,8,64,88,88,240,240
341,GP,M,18,GT3,T,,2,1,,4,3,3,2,2,2,0,10,10,0,87,87,86,260,260
342,GP,M,18,LE3,T,,2,0,,4,3,3,1,3,5,11,16,15,15,96,64,95,255,255
346,GP,M,18,GT3,T,,3,0,,5,3,2,1,2,4,9,16,15,16,41,58,56,155,155
347,GP,M,18,GT3,T,,3,0,,5,4,5,2,3,5,0,10,10,9,40,88,65,193,193
349,MS,M,18,GT3,T,,1,1,,2,5,5,5,5,5,10,11,13,13,51,51,40,142,142
350,MS,M,19,GT3,T,,2,3,,5,4,4,3,3,2,8,8,7,8,44,80,47,171,171
351,MS,M,17,GT3,T,,2,0,,4,5,4,2,3,3,2,13,13,13,76,58,88,222,222
352,MS,M,18,LE3,T,,1,1,,4,3,3,2,3,3,7,8,7,8,71,51,74,196,196
353,MS,M,19,GT3,T,,1,1,,4,4,4,3,3,5,4,8,8,8,98,48,91,237,237
354,MS,M,17,GT3,T,,2,0,,4,5,5,1,3,2,4,13,11,11,94,46,54,194,194
358,MS,M,18,LE3,T,,1,0,,3,3,2,1,2,3,4,10,10,10,58,91,53,202,202
361,MS,M,18,LE3,T,,2,1,,4,4,3,2,3,5,2,13,12,12,42,86,62,190,190
365,MS,M,18,GT3,T,,2,0,,3,3,4,2,4,3,4,10,10,10,95,74,84,253,253
366,MS,M,18,LE3,T,,3,0,,4,2,2,2,2,5,0,13,13,13,72,51,65,188,188
371,MS,M,18,LE3,T,,1,0,,4,3,3,2,3,3,3,14,12,12,47,75,46,168,168
380,MS,M,18,GT3,T,,2,0,,3,2,4,1,4,2,4,15,14,14,64,97,57,218,218
381,MS,M,18,GT3,T,,1,0,,4,4,3,1,3,5,5,7,6,7,68,78,97,243,243
382,MS,M,17,GT3,T,,2,0,,4,4,3,1,1,3,2,11,11,10,57,53,77,187,187
383,MS,M,19,GT3,T,,1,1,,4,3,2,1,3,5,0,6,5,0,85,70,74,229,229
384,MS,M,18,GT3,T,,1,1,,5,4,3,4,3,3,14,6,5,5,57,97,90,244,244
390,MS,M,20,LE3,A,,2,2,,5,5,4,4,5,4,11,9,9,9,75,50,49,174,174
391,MS,M,17,LE3,T,,1,0,,2,4,5,3,4,2,3,14,16,16,72,57,78,207,207
392,MS,M,21,GT3,T,,1,3,,5,5,3,3,3,3,3,10,8,7,43,86,96,225,225
393,MS,M,18,LE3,T,,1,0,,4,4,1,3,4,5,0,11,12,10,72,51,56,179,179
394,MS,M,19,LE3,T,,1,0,,3,2,3,3,3,5,5,8,9,9,53,48,78,179,179
